<?xml version="1.0" encoding="UTF-8"?>

<configuration>
    <appender name="CONSOLE" class="ch.qos.logback.core.ConsoleAppender">
        <encoder>
            <pattern>%-8level %-25d{YYYY-MM-dd HH:mm:ss.SSS} %logger - %msg%n</pattern>
        </encoder>
    </appender>

    <appender name="FILE" class="ch.qos.logback.core.rolling.RollingFileAppender">
        <file>application.log</file>
        <append>true</append>
        <encoder>
            <charset>UTF-8</charset>
            <pattern>%-8level %-25d{YYYY-MM-dd HH:mm:ss.SSS} %logger - %msg%n</pattern>
        </encoder>
        <!-- Архивирование основного лога приложения. 10 файлов по 10 мб -->
        <rollingPolicy class="ch.qos.logback.core.rolling.FixedWindowRollingPolicy">
            <FileNamePattern>application.%i.log.zip</FileNamePattern>
            <MinIndex>1</MinIndex>
            <MaxIndex>21</MaxIndex>
        </rollingPolicy>
        <triggeringPolicy class="ch.qos.logback.core.rolling.SizeBasedTriggeringPolicy">
            <MaxFileSize>30MB</MaxFileSize>
        </triggeringPolicy>
    </appender>

    <logger name="jul.example.anotherPackage" level="DEBUG"/>
    <logger name="jul.example" level="DEBUG"/>

    <root level="ERROR">
        <appender-ref ref="CONSOLE" />
        <appender-ref ref="FILE" />
    </root>
</configuration>
